event_date,time_raw,event_datetime_utc,event_datetime_hcm,currency,impact,event,actual,forecast,previous,source_timezone,updated_at
2026-04-01,12:30pm,2026-04-01T05:30:00+00:00,2026-04-01T12:30:00+07:00,AUD,yellow,Commodity Prices y/y,12.8%,,4.9%,Asia/Novosibirsk,2026-09-03T06:51:16Z
2026-04-01,1:30pm,2026-04-01T06:30:00+00:00,2026-04-01T13:30:00+07:00,CHF,yellow,Retail Sales y/y,0.9%,1.5%,-0.6%,Asia/Novosibirsk,2026-09-03T06:51:16Z
2026-04-01,2:00am,2026-03-31T19:00:00+00:00,2026-04-01T02:00:00+07:00,USD,yellow,FOMC Member Barr Speaks,,,,Asia/Novosibirsk,2026-09-03T06:51:16Z
2026-04-01,2:15pm,2026-04-01T07:15:00+00:00,2026-04-01T14:15:00+07:00,EUR,yellow,Spanish Manufacturing PMI,48.7,50.5,50.0,Asia/Novosibirsk,2026-09-03T06:51:16Z
2026-04-01,2:30pm,2026-04-01T07:30:00+00:00,2026-04-01T14:30:00+07:00,CHF,yellow,Manufacturing PMI,53.3,47.2,47.4,Asia/Novosibirsk,2026-09-03T06:51:16Z
2026-04-01,2:45pm,2026-04-01T07:45:00+00:00,2026-04-01T14:45:00+07:00,EUR,yellow,Italian Manufacturing PMI,51.3,50.9,50.6,Asia/Novosibirsk,2026-09-03T06:51:16Z
2026-04-01,2:50pm,2026-04-01T07:50:00+00:00,2026-04-01T14:50:00+07:00,EUR,yellow,French Final Manufacturing PMI,50.0,50.2,50.2,Asia/Novosibirsk,2026-09-03T06:51:16Z
2026-04-01,2:55pm,2026-04-01T07:55:00+00:00,2026-04-01T14:55:00+07:00,EUR,yellow,German Final Manufacturing PMI,52.2,51.7,51.7,Asia/Novosibirsk,2026-09-03T06:51:16Z
2026-04-01,3:00pm,2026-04-01T08:00:00+00:00,2026-04-01T15:00:00+07:00,EUR,yellow,Final Manufacturing PMI,51.6,51.4,51.4,Asia/Novosibirsk,2026-09-03T06:51:16Z
2026-04-01,3:00pm,2026-04-01T08:00:00+00:00,2026-04-01T15:00:00+07:00,EUR,yellow,Italian Monthly Unemployment Rate,5.3%,5.2%,5.1%,Asia/Novosibirsk,2026-09-03T06:51:16Z
2026-04-01,3:30am,2026-03-31T20:30:00+00:00,2026-04-01T03:30:00+07:00,USD,yellow,API Weekly Statistical Bulletin,,,,Asia/Novosibirsk,2026-09-03T06:51:16Z
2026-04-01,3:30pm,2026-04-01T08:30:00+00:00,2026-04-01T15:30:00+07:00,GBP,yellow,Final Manufacturing PMI,51.0,51.4,51.4,Asia/Novosibirsk,2026-09-03T06:51:16Z
2026-04-01,4:00pm,2026-04-01T09:00:00+00:00,2026-04-01T16:00:00+07:00,EUR,yellow,Unemployment Rate,6.2%,6.1%,6.1%,Asia/Novosibirsk,2026-09-03T06:51:16Z
2026-04-01,4:10am,2026-03-31T21:10:00+00:00,2026-04-01T04:10:00+07:00,USD,yellow,FOMC Member Bowman Speaks,,,,Asia/Novosibirsk,2026-09-03T06:51:16Z
2026-04-01,4:30pm,2026-04-01T09:30:00+00:00,2026-04-01T16:30:00+07:00,GBP,yellow,FPC Meeting Minutes,,,,Asia/Novosibirsk,2026-09-03T06:51:16Z
2026-04-01,4:30pm,2026-04-01T09:30:00+00:00,2026-04-01T16:30:00+07:00,GBP,yellow,FPC Statement,,,,Asia/Novosibirsk,2026-09-03T06:51:16Z
2026-04-01,4:45am,2026-03-31T21:45:00+00:00,2026-04-01T04:45:00+07:00,NZD,yellow,Building Consents m/m,2.7%,,2.0%,Asia/Novosibirsk,2026-09-03T06:51:16Z
2026-04-01,6:50am,2026-03-31T23:50:00+00:00,2026-04-01T06:50:00+07:00,JPY,yellow,Tankan Manufacturing Index,17,16,15,Asia/Novosibirsk,2026-09-03T06:51:16Z
2026-04-01,6:50am,2026-03-31T23:50:00+00:00,2026-04-01T06:50:00+07:00,JPY,yellow,Tankan Non-Manufacturing Index,36,33,34,Asia/Novosibirsk,2026-09-03T06:51:16Z
2026-04-01,7:30am,2026-04-01T00:30:00+00:00,2026-04-01T07:30:00+07:00,AUD,yellow,Building Approvals m/m,29.7%,5.8%,-7.2%,Asia/Novosibirsk,2026-09-03T06:51:16Z
2026-04-01,7:30am,2026-04-01T00:30:00+00:00,2026-04-01T07:30:00+07:00,JPY,yellow,Final Manufacturing PMI,51.6,51.6,51.4,Asia/Novosibirsk,2026-09-03T06:51:16Z
2026-04-01,7:30pm,2026-04-01T12:30:00+00:00,2026-04-01T19:30:00+07:00,USD,red,Core Retail Sales m/m,0.5%,0.3%,0.0%,Asia/Novosibirsk,2026-09-03T06:51:16Z
2026-04-01,7:30pm,2026-04-01T12:30:00+00:00,2026-04-01T19:30:00+07:00,USD,red,Retail Sales m/m,0.6%,0.5%,-0.1%,Asia/Novosibirsk,2026-09-03T06:51:16Z
2026-04-01,8:05pm,2026-04-01T13:05:00+00:00,2026-04-01T20:05:00+07:00,USD,yellow,FOMC Member Musalem Speaks,,,,Asia/Novosibirsk,2026-09-03T06:51:16Z
2026-04-01,8:10pm,2026-04-01T13:10:00+00:00,2026-04-01T20:10:00+07:00,USD,yellow,FOMC Member Barr Speaks,,,,Asia/Novosibirsk,2026-09-03T06:51:16Z
2026-04-01,8:30pm,2026-04-01T13:30:00+00:00,2026-04-01T20:30:00+07:00,CAD,yellow,Manufacturing PMI,50.0,,51.0,Asia/Novosibirsk,2026-09-03T06:51:16Z
2026-04-01,8:45am,2026-04-01T01:45:00+00:00,2026-04-01T08:45:00+07:00,CNY,yellow,RatingDog Manufacturing PMI,50.8,51.6,52.1,Asia/Novosibirsk,2026-09-03T06:51:16Z
2026-04-01,8:45pm,2026-04-01T13:45:00+00:00,2026-04-01T20:45:00+07:00,USD,yellow,Final Manufacturing PMI,52.3,52.3,52.4,Asia/Novosibirsk,2026-09-03T06:51:16Z
2026-04-01,9:00pm,2026-04-01T14:00:00+00:00,2026-04-01T21:00:00+07:00,USD,yellow,Business Inventories m/m,-0.1%,0.0%,0.0%,Asia/Novosibirsk,2026-09-03T06:51:16Z
2026-04-01,9:00pm,2026-04-01T14:00:00+00:00,2026-04-01T21:00:00+07:00,USD,red,ISM Manufacturing PMI,52.7,52.3,52.4,Asia/Novosibirsk,2026-09-03T06:51:16Z
2026-04-01,9:30pm,2026-04-01T14:30:00+00:00,2026-04-01T21:30:00+07:00,USD,yellow,Crude Oil Inventories,5.5M,1.8M,6.9M,Asia/Novosibirsk,2026-09-03T06:51:16Z
2026-04-01,All Day,,,USD,yellow,Omdia Total Vehicle Sales,16.3M,15.9M,15.8M,Asia/Novosibirsk,2026-09-03T06:51:16Z
2026-04-02,10:35am,2026-04-02T03:35:00+00:00,2026-04-02T10:35:00+07:00,JPY,yellow,10-y Bond Auction,2.35|2.6,,2.12|3.3,Asia/Novosibirsk,2026-09-03T06:51:16Z
2026-04-02,11:45pm,2026-04-02T16:45:00+00:00,2026-04-02T23:45:00+07:00,USD,yellow,FOMC Member Bowman Speaks,,,,Asia/Novosibirsk,2026-09-03T06:51:16Z
2026-04-02,1:45pm,2026-04-02T06:45:00+00:00,2026-04-02T13:45:00+07:00,EUR,yellow,French Gov Budget Balance,-32.1B,,-9.7B,Asia/Novosibirsk,2026-09-03T06:51:16Z
2026-04-02,3:00pm,2026-04-02T08:00:00+00:00,2026-04-02T15:00:00+07:00,EUR,yellow,ECB Economic Bulletin,,,,Asia/Novosibirsk,2026-09-03T06:51:16Z
2026-04-02,3:55pm,2026-04-02T08:55:00+00:00,2026-04-02T15:55:00+07:00,EUR,yellow,French 10-y Bond Auction,3.73|1.9,,3.39|2.2,Asia/Novosibirsk,2026-09-03T06:51:16Z
2026-04-02,4:06pm,2026-04-02T09:06:00+00:00,2026-04-02T16:06:00+07:00,EUR,yellow,Italian Retail Sales m/m,0.0%,0.3%,0.6%,Asia/Novosibirsk,2026-09-03T06:51:16Z
2026-04-02,6:30pm,2026-04-02T11:30:00+00:00,2026-04-02T18:30:00+07:00,USD,yellow,Challenger Job Cuts y/y,-78.0%,,-71.9%,Asia/Novosibirsk,2026-09-03T06:51:16Z
2026-04-02,6:50am,2026-04-01T23:50:00+00:00,2026-04-02T06:50:00+07:00,JPY,yellow,Monetary Base y/y,-11.6%,-10.8%,-10.6%,Asia/Novosibirsk,2026-09-03T06:51:16Z
2026-04-02,7:30am,2026-04-02T00:30:00+00:00,2026-04-02T07:30:00+07:00,AUD,yellow,Goods Trade Balance,5.69B,2.81B,2.26B,Asia/Novosibirsk,2026-09-03T06:51:16Z
2026-04-02,7:30pm,2026-04-02T12:30:00+00:00,2026-04-02T19:30:00+07:00,CAD,yellow,Trade Balance,-5.7B,-2.5B,-4.2B,Asia/Novosibirsk,2026-09-03T06:51:16Z
2026-04-02,7:30pm,2026-04-02T12:30:00+00:00,2026-04-02T19:30:00+07:00,USD,yellow,Goods Trade Balance,-83.5B,,-80.9B,Asia/Novosibirsk,2026-09-03T06:51:16Z
2026-04-02,7:30pm,2026-04-02T12:30:00+00:00,2026-04-02T19:30:00+07:00,USD,yellow,Trade Balance,-57.3B,-60.5B,-54.7B,Asia/Novosibirsk,2026-09-03T06:51:16Z
2026-04-02,7:30pm,2026-04-02T12:30:00+00:00,2026-04-02T19:30:00+07:00,USD,red,Unemployment Claims,202K,212K,211K,Asia/Novosibirsk,2026-09-03T06:51:16Z
2026-04-02,9:15pm,2026-04-02T14:15:00+00:00,2026-04-02T21:15:00+07:00,USD,yellow,FOMC Member Logan Speaks,,,,Asia/Novosibirsk,2026-09-03T06:51:16Z
2026-04-02,9:30pm,2026-04-02T14:30:00+00:00,2026-04-02T21:30:00+07:00,USD,yellow,Natural Gas Storage,36B,38B,-54B,Asia/Novosibirsk,2026-09-03T06:51:16Z
2026-04-03,1:45pm,2026-04-03T06:45:00+00:00,2026-04-03T13:45:00+07:00,EUR,yellow,French Industrial Production m/m,-0.7%,-0.1%,0.2%,Asia/Novosibirsk,2026-09-03T06:51:16Z
2026-04-03,7:30pm,2026-04-03T12:30:00+00:00,2026-04-03T19:30:00+07:00,USD,red,Non-Farm Employment Change,178K,65K,-133K,Asia/Novosibirsk,2026-09-03T06:51:16Z
2026-04-03,7:30pm,2026-04-03T12:30:00+00:00,2026-04-03T19:30:00+07:00,USD,red,Unemployment Rate,4.3%,4.4%,4.4%,Asia/Novosibirsk,2026-09-03T06:51:16Z
2026-04-03,8:45pm,2026-04-03T13:45:00+00:00,2026-04-03T20:45:00+07:00,USD,yellow,Final Services PMI,49.8,51.1,51.1,Asia/Novosibirsk,2026-09-03T06:51:16Z
2026-04-07,,,,USD,orange,Durable Goods Orders m/m,-1.4%,-1.1%,-0.5%,Asia/Novosibirsk,2026-09-03T06:51:16Z
2026-04-07,10:35am,2026-04-07T03:35:00+00:00,2026-04-07T10:35:00+07:00,JPY,yellow,30-y Bond Auction,3.70|3.1,,3.40|3.7,Asia/Novosibirsk,2026-09-03T06:51:16Z
2026-04-07,11:35pm,2026-04-07T16:35:00+00:00,2026-04-07T23:35:00+07:00,USD,yellow,FOMC Member Goolsbee Speaks,,,,Asia/Novosibirsk,2026-09-03T06:51:16Z
2026-04-07,12:00pm,2026-04-07T05:00:00+00:00,2026-04-07T12:00:00+07:00,JPY,yellow,Leading Indicators,112.4%,112.4%,112.1%,Asia/Novosibirsk,2026-09-03T06:51:16Z
2026-04-07,2:00pm,2026-04-07T07:00:00+00:00,2026-04-07T14:00:00+07:00,CHF,yellow,Foreign Currency Reserves,721B,,710B,Asia/Novosibirsk,2026-09-03T06:51:16Z
2026-04-07,2:15pm,2026-04-07T07:15:00+00:00,2026-04-07T14:15:00+07:00,EUR,yellow,Spanish Services PMI,53.3,50.7,51.9,Asia/Novosibirsk,2026-09-03T06:51:16Z
2026-04-07,2:45pm,2026-04-07T07:45:00+00:00,2026-04-07T14:45:00+07:00,EUR,yellow,Italian Services PMI,48.8,51.0,52.3,Asia/Novosibirsk,2026-09-03T06:51:16Z
2026-04-07,2:50pm,2026-04-07T07:50:00+00:00,2026-04-07T14:50:00+07:00,EUR,yellow,French Final Services PMI,48.8,48.3,48.3,Asia/Novosibirsk,2026-09-03T06:51:16Z
2026-04-07,2:55pm,2026-04-07T07:55:00+00:00,2026-04-07T14:55:00+07:00,EUR,yellow,German Final Services PMI,50.9,51.2,51.2,Asia/Novosibirsk,2026-09-03T06:51:16Z
2026-04-07,3:00pm,2026-04-07T08:00:00+00:00,2026-04-07T15:00:00+07:00,EUR,yellow,Final Services PMI,50.2,50.1,50.1,Asia/Novosibirsk,2026-09-03T06:51:16Z
2026-04-07,3:30pm,2026-04-07T08:30:00+00:00,2026-04-07T15:30:00+07:00,EUR,yellow,Sentix Investor Confidence,-19.2,-7.8,-3.1,Asia/Novosibirsk,2026-09-03T06:51:16Z
2026-04-07,3:30pm,2026-04-07T08:30:00+00:00,2026-04-07T15:30:00+07:00,GBP,yellow,Final Services PMI,50.5,51.1,51.2,Asia/Novosibirsk,2026-09-03T06:51:16Z
2026-04-07,7:15pm,2026-04-07T12:15:00+00:00,2026-04-07T19:15:00+07:00,USD,yellow,ADP Weekly Employment Change,26.0K,,15.3K,Asia/Novosibirsk,2026-09-03T06:51:16Z
2026-04-07,8:00am,2026-04-07T01:00:00+00:00,2026-04-07T08:00:00+07:00,AUD,yellow,MI Inflation Gauge m/m,1.3%,,-0.2%,Asia/Novosibirsk,2026-09-03T06:51:16Z
2026-04-07,8:00am,2026-04-07T01:00:00+00:00,2026-04-07T08:00:00+07:00,NZD,yellow,ANZ Commodity Prices m/m,4.1%,,4.2%,Asia/Novosibirsk,2026-09-03T06:51:16Z
2026-04-07,8:30am,2026-04-07T01:30:00+00:00,2026-04-07T08:30:00+07:00,AUD,yellow,ANZ Job Advertisements m/m,-3.1%,,3.2%,Asia/Novosibirsk,2026-09-03T06:51:16Z
2026-04-07,8:30am,2026-04-07T01:30:00+00:00,2026-04-07T08:30:00+07:00,AUD,yellow,Household Spending m/m,0.3%,0.2%,0.3%,Asia/Novosibirsk,2026-09-03T06:51:16Z
2026-04-07,9:00pm,2026-04-07T14:00:00+00:00,2026-04-07T21:00:00+07:00,CAD,orange,Ivey PMI,49.7,55.9,56.6,Asia/Novosibirsk,2026-09-03T06:51:16Z
2026-04-07,9:01pm,2026-04-07T14:01:00+00:00,2026-04-07T21:01:00+07:00,USD,yellow,RCM/TIPP Economic Optimism,42.8,48.1,47.5,Asia/Novosibirsk,2026-09-03T06:51:16Z
2026-04-07,9:35pm,2026-04-07T14:35:00+00:00,2026-04-07T21:35:00+07:00,NZD,yellow,GDT Price Index,-3.4%,,0.1%,Asia/Novosibirsk,2026-09-03T06:51:16Z
2026-04-07,Mar 14th,,,USD,yellow,ADP Weekly Employment Change,15.3K,,10.0K,Asia/Novosibirsk,2026-09-03T06:51:16Z
2026-04-08,10:00am,2026-04-08T03:00:00+00:00,2026-04-08T10:00:00+07:00,NZD,red,RBNZ Press Conference,,,,Asia/Novosibirsk,2026-09-03T06:51:16Z
2026-04-08,12:00pm,2026-04-08T05:00:00+00:00,2026-04-08T12:00:00+07:00,JPY,yellow,Economy Watchers Sentiment,42.2,48.0,48.9,Asia/Novosibirsk,2026-09-03T06:51:16Z
2026-04-08,1:00pm,2026-04-08T06:00:00+00:00,2026-04-08T13:00:00+07:00,EUR,yellow,German Factory Orders m/m,0.9%,3.0%,-11.1%,Asia/Novosibirsk,2026-09-03T06:51:16Z
2026-04-08,1:04pm,2026-04-08T06:04:00+00:00,2026-04-08T13:04:00+07:00,GBP,yellow,Lloyds HPI m/m,-0.5%,0.2%,0.3%,Asia/Novosibirsk,2026-09-03T06:51:16Z
2026-04-08,1:45pm,2026-04-08T06:45:00+00:00,2026-04-08T13:45:00+07:00,EUR,yellow,French Trade Balance,-5.8B,-2.4B,-2.0B,Asia/Novosibirsk,2026-09-03T06:51:16Z
2026-04-08,2:00pm,2026-04-08T07:00:00+00:00,2026-04-08T14:00:00+07:00,CHF,yellow,Unemployment Rate,3.0%,3.0%,3.0%,Asia/Novosibirsk,2026-09-03T06:51:16Z
2026-04-08,3:30am,2026-04-07T20:30:00+00:00,2026-04-08T03:30:00+07:00,USD,yellow,API Weekly Statistical Bulletin,,,,Asia/Novosibirsk,2026-09-03T06:51:16Z
2026-04-08,3:30pm,2026-04-08T08:30:00+00:00,2026-04-08T15:30:00+07:00,GBP,yellow,Construction PMI,45.6,43.6,44.5,Asia/Novosibirsk,2026-09-03T06:51:16Z
2026-04-08,3:30pm,2026-04-08T08:30:00+00:00,2026-04-08T15:30:00+07:00,GBP,yellow,Housing Equity Withdrawal q/q,-13.8B,-9.6B,-11.2B,Asia/Novosibirsk,2026-09-03T06:51:16Z
2026-04-08,4:00pm,2026-04-08T09:00:00+00:00,2026-04-08T16:00:00+07:00,EUR,yellow,PPI m/m,-0.7%,-0.6%,0.8%,Asia/Novosibirsk,2026-09-03T06:51:16Z
2026-04-08,4:00pm,2026-04-08T09:00:00+00:00,2026-04-08T16:00:00+07:00,EUR,yellow,Retail Sales m/m,-0.2%,-0.2%,0.0%,Asia/Novosibirsk,2026-09-03T06:51:16Z
2026-04-08,4:32pm,2026-04-08T09:32:00+00:00,2026-04-08T16:32:00+07:00,EUR,yellow,German 10-y Bond Auction,2.92|1.2,,2.89|1.2,Asia/Novosibirsk,2026-09-03T06:51:16Z
2026-04-08,4:50am,2026-04-07T21:50:00+00:00,2026-04-08T04:50:00+07:00,USD,yellow,FOMC Member Jefferson Speaks,,,,Asia/Novosibirsk,2026-09-03T06:51:16Z
2026-04-08,6:30am,2026-04-07T23:30:00+00:00,2026-04-08T06:30:00+07:00,JPY,yellow,Average Cash Earnings y/y,3.3%,2.7%,2.5%,Asia/Novosibirsk,2026-09-03T06:51:16Z
2026-04-08,6:50am,2026-04-07T23:50:00+00:00,2026-04-08T06:50:00+07:00,JPY,yellow,Current Account,2.71T,2.40T,3.13T,Asia/Novosibirsk,2026-09-03T06:51:16Z
2026-04-08,7:30pm,2026-04-08T12:30:00+00:00,2026-04-08T19:30:00+07:00,NZD,red,RBNZ Rate Statement,,,,Asia/Novosibirsk,2026-09-03T06:51:16Z
2026-04-08,9:30pm,2026-04-08T14:30:00+00:00,2026-04-08T21:30:00+07:00,USD,yellow,Crude Oil Inventories,3.1M,-1.0M,5.5M,Asia/Novosibirsk,2026-09-03T06:51:16Z
2026-04-09,12:00pm,2026-04-09T05:00:00+00:00,2026-04-09T12:00:00+07:00,JPY,yellow,Consumer Confidence,33.3,38.3,40.0,Asia/Novosibirsk,2026-09-03T06:51:16Z
2026-04-09,12:05am,2026-04-08T17:05:00+00:00,2026-04-09T00:05:00+07:00,USD,yellow,FOMC Member Daly Speaks,,,,Asia/Novosibirsk,2026-09-03T06:51:16Z
2026-04-09,1:00pm,2026-04-09T06:00:00+00:00,2026-04-09T13:00:00+07:00,EUR,yellow,German Industrial Production m/m,-0.3%,0.6%,0.0%,Asia/Novosibirsk,2026-09-03T06:51:16Z
2026-04-09,1:00pm,2026-04-09T06:00:00+00:00,2026-04-09T13:00:00+07:00,EUR,yellow,German Trade Balance,19.8B,18.1B,21.4B,Asia/Novosibirsk,2026-09-03T06:51:16Z
2026-04-09,1:00pm,2026-04-09T06:00:00+00:00,2026-04-09T13:00:00+07:00,JPY,yellow,Prelim Machine Tool Orders y/y,28.1%,,24.2%,Asia/Novosibirsk,2026-09-03T06:51:16Z
2026-04-09,3:00pm,2026-04-09T08:00:00+00:00,2026-04-09T15:00:00+07:00,CHF,yellow,SNB Chairman Schlegel Speaks,,,,Asia/Novosibirsk,2026-09-03T06:51:16Z
2026-04-09,3:30pm,2026-04-09T08:30:00+00:00,2026-04-09T15:30:00+07:00,GBP,yellow,BOE Credit Conditions Survey,,,,Asia/Novosibirsk,2026-09-03T06:51:16Z
2026-04-09,3:40pm,2026-04-09T08:40:00+00:00,2026-04-09T15:40:00+07:00,EUR,yellow,Spanish 10-y Bond Auction,3.44|2.0,,3.48|2.3,Asia/Novosibirsk,2026-09-03T06:51:16Z
2026-04-09,6:01am,2026-04-08T23:01:00+00:00,2026-04-09T06:01:00+07:00,GBP,yellow,RICS House Price Balance,-23%,-18%,-14%,Asia/Novosibirsk,2026-09-03T06:51:16Z
2026-04-09,7:30pm,2026-04-09T12:30:00+00:00,2026-04-09T19:30:00+07:00,USD,red,Core PCE Price Index m/m,0.4%,0.4%,0.4%,Asia/Novosibirsk,2026-09-03T06:51:16Z
2026-04-09,7:30pm,2026-04-09T12:30:00+00:00,2026-04-09T19:30:00+07:00,USD,red,Final GDP q/q,0.5%,0.7%,0.7%,Asia/Novosibirsk,2026-09-03T06:51:16Z
2026-04-09,7:30pm,2026-04-09T12:30:00+00:00,2026-04-09T19:30:00+07:00,USD,yellow,Personal Income m/m,-0.1%,0.3%,0.4%,Asia/Novosibirsk,2026-09-03T06:51:16Z
2026-04-09,7:30pm,2026-04-09T12:30:00+00:00,2026-04-09T19:30:00+07:00,USD,yellow,Personal Spending m/m,0.5%,0.6%,0.3%,Asia/Novosibirsk,2026-09-03T06:51:16Z
2026-04-09,7:33pm,2026-04-09T12:33:00+00:00,2026-04-09T19:33:00+07:00,USD,orange,Final GDP Price Index q/q,3.7%,3.8%,3.8%,Asia/Novosibirsk,2026-09-03T06:51:16Z
2026-04-09,9:00pm,2026-04-09T14:00:00+00:00,2026-04-09T21:00:00+07:00,USD,yellow,Final Wholesale Inventories m/m,0.8%,-0.1%,-0.5%,Asia/Novosibirsk,2026-09-03T06:51:16Z
2026-04-09,9:30pm,2026-04-09T14:30:00+00:00,2026-04-09T21:30:00+07:00,USD,yellow,Natural Gas Storage,50B,41B,36B,Asia/Novosibirsk,2026-09-03T06:51:16Z
2026-04-10,1:00pm,2026-04-10T06:00:00+00:00,2026-04-10T13:00:00+07:00,EUR,yellow,German Final CPI m/m,1.1%,1.1%,1.1%,Asia/Novosibirsk,2026-09-03T06:51:16Z
2026-04-10,2:00pm,2026-04-10T07:00:00+00:00,2026-04-10T14:00:00+07:00,CHF,yellow,SECO Consumer Climate,-43,-32,-30,Asia/Novosibirsk,2026-09-03T06:51:16Z
2026-04-10,3:00pm,2026-04-10T08:00:00+00:00,2026-04-10T15:00:00+07:00,EUR,yellow,Italian Industrial Production m/m,0.1%,0.5%,-0.6%,Asia/Novosibirsk,2026-09-03T06:51:16Z
2026-04-10,5:30am,2026-04-09T22:30:00+00:00,2026-04-10T05:30:00+07:00,NZD,yellow,BusinessNZ Manufacturing Index,53.2,,54.8,Asia/Novosibirsk,2026-09-03T06:51:16Z
2026-04-10,6:50am,2026-04-09T23:50:00+00:00,2026-04-10T06:50:00+07:00,JPY,yellow,Bank Lending y/y,4.8%,4.4%,4.5%,Asia/Novosibirsk,2026-09-03T06:51:16Z
2026-04-10,6:50am,2026-04-09T23:50:00+00:00,2026-04-10T06:50:00+07:00,JPY,yellow,PPI y/y,2.6%,2.4%,2.1%,Asia/Novosibirsk,2026-09-03T06:51:16Z
2026-04-10,7:30pm,2026-04-10T12:30:00+00:00,2026-04-10T19:30:00+07:00,CAD,red,Unemployment Rate,6.7%,6.8%,6.7%,Asia/Novosibirsk,2026-09-03T06:51:16Z
2026-04-10,7:30pm,2026-04-10T12:30:00+00:00,2026-04-10T19:30:00+07:00,USD,red,CPI m/m,0.9%,1.0%,0.3%,Asia/Novosibirsk,2026-09-03T06:51:16Z
2026-04-10,7:30pm,2026-04-10T12:30:00+00:00,2026-04-10T19:30:00+07:00,USD,red,CPI y/y,3.3%,3.4%,2.4%,Asia/Novosibirsk,2026-09-03T06:51:16Z
2026-04-10,7:30pm,2026-04-10T12:30:00+00:00,2026-04-10T19:30:00+07:00,USD,red,Core CPI m/m,0.2%,0.3%,0.2%,Asia/Novosibirsk,2026-09-03T06:51:16Z
2026-04-10,7:30pm,2026-04-10T12:30:00+00:00,2026-04-10T19:30:00+07:00,USD,red,Core CPI y/y,2.6%,2.7%,2.5%,Asia/Novosibirsk,2026-09-03T06:51:16Z
2026-04-10,7:33pm,2026-04-10T12:33:00+00:00,2026-04-10T19:33:00+07:00,CNY,orange,PPI y/y,0.5%,0.4%,-0.9%,Asia/Novosibirsk,2026-09-03T06:51:16Z
2026-04-10,9:00pm,2026-04-10T14:00:00+00:00,2026-04-10T21:00:00+07:00,USD,yellow,Factory Orders m/m,0.0%,-0.3%,0.0%,Asia/Novosibirsk,2026-09-03T06:51:16Z
2026-04-10,9:00pm,2026-04-10T14:00:00+00:00,2026-04-10T21:00:00+07:00,USD,orange,Prelim UoM Consumer Sentiment,47.6,51.6,53.3,Asia/Novosibirsk,2026-09-03T06:51:16Z
2026-04-10,9:00pm,2026-04-10T14:00:00+00:00,2026-04-10T21:00:00+07:00,USD,orange,Prelim UoM Inflation Expectations,4.8%,,3.8%,Asia/Novosibirsk,2026-09-03T06:51:16Z
2026-04-13,4:00pm,2026-04-13T09:00:00+00:00,2026-04-13T16:00:00+07:00,CNY,yellow,M2 Money Supply y/y,8.5%,8.9%,9.0%,Asia/Novosibirsk,2026-09-03T06:51:16Z
2026-04-13,4:01pm,2026-04-13T09:01:00+00:00,2026-04-13T16:01:00+07:00,CNY,yellow,New Loans,2990B,3465B,900B,Asia/Novosibirsk,2026-09-03T06:51:16Z
2026-04-13,6:50am,2026-04-12T23:50:00+00:00,2026-04-13T06:50:00+07:00,JPY,yellow,M2 Money Stock y/y,2.0%,1.6%,1.7%,Asia/Novosibirsk,2026-09-03T06:51:16Z
2026-04-13,7:30pm,2026-04-13T12:30:00+00:00,2026-04-13T19:30:00+07:00,CAD,yellow,Building Permits m/m,-8.4%,-0.4%,3.5%,Asia/Novosibirsk,2026-09-03T06:51:16Z
2026-04-13,9:00pm,2026-04-13T14:00:00+00:00,2026-04-13T21:00:00+07:00,USD,yellow,Existing Home Sales,3.98M,4.07M,4.13M,Asia/Novosibirsk,2026-09-03T06:51:16Z
2026-04-14,11:05pm,2026-04-14T16:05:00+00:00,2026-04-14T23:05:00+07:00,GBP,orange,BOE Gov Bailey Speaks,,,,Asia/Novosibirsk,2026-09-03T06:51:16Z
2026-04-14,11:10pm,2026-04-14T16:10:00+00:00,2026-04-14T23:10:00+07:00,USD,yellow,FOMC Member Goolsbee Speaks,,,,Asia/Novosibirsk,2026-09-03T06:51:16Z
2026-04-14,11:30am,2026-04-14T04:30:00+00:00,2026-04-14T11:30:00+07:00,JPY,yellow,Revised Industrial Production m/m,-2.0%,-2.1%,-2.1%,Asia/Novosibirsk,2026-09-03T06:51:16Z
2026-04-14,11:45pm,2026-04-14T16:45:00+00:00,2026-04-14T23:45:00+07:00,USD,yellow,FOMC Member Barr Speaks,,,,Asia/Novosibirsk,2026-09-03T06:51:16Z
2026-04-14,1:00pm,2026-04-14T06:00:00+00:00,2026-04-14T13:00:00+07:00,EUR,yellow,German WPI m/m,2.7%,0.4%,0.6%,Asia/Novosibirsk,2026-09-03T06:51:16Z
2026-04-14,3:50pm,2026-04-14T08:50:00+00:00,2026-04-14T15:50:00+07:00,GBP,yellow,MPC Member Mann Speaks,,,,Asia/Novosibirsk,2026-09-03T06:51:16Z
2026-04-14,5:00pm,2026-04-14T10:00:00+00:00,2026-04-14T17:00:00+07:00,USD,yellow,NFIB Small Business Index,95.8,97.8,98.8,Asia/Novosibirsk,2026-09-03T06:51:16Z
2026-04-14,5:20am,2026-04-13T22:20:00+00:00,2026-04-14T05:20:00+07:00,USD,yellow,FOMC Member Miran Speaks,,,,Asia/Novosibirsk,2026-09-03T06:51:16Z
2026-04-14,5:45am,2026-04-13T22:45:00+00:00,2026-04-14T05:45:00+07:00,NZD,yellow,Visitor Arrivals m/m,1.7%,,1.1%,Asia/Novosibirsk,2026-09-03T06:51:16Z
2026-04-14,6:01am,2026-04-13T23:01:00+00:00,2026-04-14T06:01:00+07:00,GBP,yellow,BRC Retail Sales Monitor y/y,3.1%,0.9%,0.7%,Asia/Novosibirsk,2026-09-03T06:51:16Z
2026-04-14,7:15pm,2026-04-14T12:15:00+00:00,2026-04-14T19:15:00+07:00,USD,yellow,ADP Weekly Employment Change,39.3K,,26.0K,Asia/Novosibirsk,2026-09-03T06:51:16Z
2026-04-14,7:30am,2026-04-14T00:30:00+00:00,2026-04-14T07:30:00+07:00,AUD,yellow,Westpac Consumer Sentiment,-12.5%,,1.2%,Asia/Novosibirsk,2026-09-03T06:51:16Z
2026-04-14,7:30pm,2026-04-14T12:30:00+00:00,2026-04-14T19:30:00+07:00,USD,red,PPI m/m,0.5%,1.1%,0.5%,Asia/Novosibirsk,2026-09-03T06:51:16Z
2026-04-14,8:30am,2026-04-14T01:30:00+00:00,2026-04-14T08:30:00+07:00,AUD,yellow,NAB Business Confidence,-29,,0,Asia/Novosibirsk,2026-09-03T06:51:16Z
2026-04-14,8:30pm,2026-04-14T13:30:00+00:00,2026-04-14T20:30:00+07:00,GBP,yellow,CB Leading Index m/m,-0.1%,,-0.1%,Asia/Novosibirsk,2026-09-03T06:51:16Z
2026-04-14,8:45pm,2026-04-14T13:45:00+00:00,2026-04-14T20:45:00+07:00,USD,yellow,FOMC Member Goolsbee Speaks,,,,Asia/Novosibirsk,2026-09-03T06:51:16Z
2026-04-14,9:00pm,2026-04-14T14:00:00+00:00,2026-04-14T21:00:00+07:00,GBP,yellow,MPC Member Greene Speaks,,,,Asia/Novosibirsk,2026-09-03T06:51:16Z
2026-04-14,9:15pm,2026-04-14T14:15:00+00:00,2026-04-14T21:15:00+07:00,USD,yellow,FOMC Member Goolsbee Speaks,,,,Asia/Novosibirsk,2026-09-03T06:51:16Z
2026-04-14,9:56am,2026-04-14T02:56:00+00:00,2026-04-14T09:56:00+07:00,CNY,yellow,USD-Denominated Trade Balance,51.1B,107.2B,213.6B,Asia/Novosibirsk,2026-09-03T06:51:16Z
2026-04-14,9:57am,2026-04-14T02:57:00+00:00,2026-04-14T09:57:00+07:00,CNY,yellow,Trade Balance,355B,760B,1503B,Asia/Novosibirsk,2026-09-03T06:51:16Z
2026-04-15,10:50pm,2026-04-15T15:50:00+00:00,2026-04-15T22:50:00+07:00,GBP,orange,BOE Gov Bailey Speaks,,,,Asia/Novosibirsk,2026-09-03T06:51:16Z
2026-04-15,11:45pm,2026-04-15T16:45:00+00:00,2026-04-15T23:45:00+07:00,USD,yellow,FOMC Member Collins Speaks,,,,Asia/Novosibirsk,2026-09-03T06:51:16Z
2026-04-15,11:45pm,2026-04-15T16:45:00+00:00,2026-04-15T23:45:00+07:00,USD,yellow,FOMC Member Paulson Speaks,,,,Asia/Novosibirsk,2026-09-03T06:51:16Z
2026-04-15,1:45pm,2026-04-15T06:45:00+00:00,2026-04-15T13:45:00+07:00,EUR,yellow,French Final CPI m/m,1.0%,0.9%,0.9%,Asia/Novosibirsk,2026-09-03T06:51:16Z
2026-04-15,3:10am,2026-04-14T20:10:00+00:00,2026-04-15T03:10:00+07:00,GBP,yellow,MPC Member Breeden Speaks,,,,Asia/Novosibirsk,2026-09-03T06:51:16Z
2026-04-15,3:30am,2026-04-14T20:30:00+00:00,2026-04-15T03:30:00+07:00,USD,yellow,API Weekly Statistical Bulletin,,,,Asia/Novosibirsk,2026-09-03T06:51:16Z
2026-04-15,4:00pm,2026-04-15T09:00:00+00:00,2026-04-15T16:00:00+07:00,EUR,yellow,Industrial Production m/m,0.4%,0.3%,-0.8%,Asia/Novosibirsk,2026-09-03T06:51:16Z
2026-04-15,4:34pm,2026-04-15T09:34:00+00:00,2026-04-15T16:34:00+07:00,EUR,yellow,German 30-y Bond Auction,3.58|1.4,,3.45|1.7,Asia/Novosibirsk,2026-09-03T06:51:16Z
2026-04-15,5:00pm,2026-04-15T10:00:00+00:00,2026-04-15T17:00:00+07:00,USD,orange,President Trump Speaks,,,,Asia/Novosibirsk,2026-09-03T06:51:16Z
2026-04-15,6:50am,2026-04-14T23:50:00+00:00,2026-04-15T06:50:00+07:00,JPY,yellow,Core Machinery Orders m/m,13.6%,-1.1%,-5.5%,Asia/Novosibirsk,2026-09-03T06:51:16Z
2026-04-15,7:30pm,2026-04-15T12:30:00+00:00,2026-04-15T19:30:00+07:00,CAD,yellow,Manufacturing Sales m/m,3.6%,3.8%,-3.1%,Asia/Novosibirsk,2026-09-03T06:51:16Z
2026-04-15,7:30pm,2026-04-15T12:30:00+00:00,2026-04-15T19:30:00+07:00,CAD,yellow,Wholesale Sales m/m,2.0%,2.3%,-1.1%,Asia/Novosibirsk,2026-09-03T06:51:16Z
2026-04-15,7:30pm,2026-04-15T12:30:00+00:00,2026-04-15T19:30:00+07:00,USD,orange,Empire State Manufacturing Index,11.0,0.3,-0.2,Asia/Novosibirsk,2026-09-03T06:51:16Z
2026-04-15,7:30pm,2026-04-15T12:30:00+00:00,2026-04-15T19:30:00+07:00,USD,yellow,FOMC Member Barr Speaks,,,,Asia/Novosibirsk,2026-09-03T06:51:16Z
2026-04-15,7:30pm,2026-04-15T12:30:00+00:00,2026-04-15T19:30:00+07:00,USD,yellow,FOMC Member Hammack Speaks,,,,Asia/Novosibirsk,2026-09-03T06:51:16Z
2026-04-15,7:30pm,2026-04-15T12:30:00+00:00,2026-04-15T19:30:00+07:00,USD,yellow,Import Prices m/m,0.8%,2.3%,0.9%,Asia/Novosibirsk,2026-09-03T06:51:16Z
2026-04-15,9:00pm,2026-04-15T14:00:00+00:00,2026-04-15T21:00:00+07:00,USD,yellow,NAHB Housing Market Index,34,37,38,Asia/Novosibirsk,2026-09-03T06:51:16Z
2026-04-15,9:30pm,2026-04-15T14:30:00+00:00,2026-04-15T21:30:00+07:00,AUD,yellow,CB Leading Index m/m,1.1%,,0.1%,Asia/Novosibirsk,2026-09-03T06:51:16Z
2026-04-15,9:30pm,2026-04-15T14:30:00+00:00,2026-04-15T21:30:00+07:00,USD,yellow,Crude Oil Inventories,-0.9M,2.1M,3.1M,Asia/Novosibirsk,2026-09-03T06:51:16Z
2026-04-16,10:40pm,2026-04-16T15:40:00+00:00,2026-04-16T22:40:00+07:00,GBP,yellow,MPC Member Taylor Speaks,,,,Asia/Novosibirsk,2026-09-03T06:51:16Z
2026-04-16,10:50pm,2026-04-16T15:50:00+00:00,2026-04-16T22:50:00+07:00,NZD,orange,RBNZ Gov Breman Speaks,,,,Asia/Novosibirsk,2026-09-03T06:51:16Z
2026-04-16,11:00pm,2026-04-16T16:00:00+00:00,2026-04-16T23:00:00+07:00,CHF,yellow,Gov Board Member Tschudin Speaks,,,,Asia/Novosibirsk,2026-09-03T06:51:16Z
2026-04-16,11:45pm,2026-04-16T16:45:00+00:00,2026-04-16T23:45:00+07:00,EUR,yellow,German Buba President Nagel Speaks,,,,Asia/Novosibirsk,2026-09-03T06:51:16Z
2026-04-16,1:00am,2026-04-15T18:00:00+00:00,2026-04-16T01:00:00+07:00,GBP,orange,BOE Gov Bailey Speaks,,,,Asia/Novosibirsk,2026-09-03T06:51:16Z
2026-04-16,1:00am,2026-04-15T18:00:00+00:00,2026-04-16T01:00:00+07:00,USD,yellow,Beige Book,,,,Asia/Novosibirsk,2026-09-03T06:51:16Z
2026-04-16,1:00pm,2026-04-16T06:00:00+00:00,2026-04-16T13:00:00+07:00,GBP,yellow,Construction Output m/m,1.0%,-0.4%,0.5%,Asia/Novosibirsk,2026-09-03T06:51:16Z
2026-04-16,1:00pm,2026-04-16T06:00:00+00:00,2026-04-16T13:00:00+07:00,GBP,red,GDP m/m,0.5%,0.1%,0.1%,Asia/Novosibirsk,2026-09-03T06:51:16Z
2026-04-16,1:00pm,2026-04-16T06:00:00+00:00,2026-04-16T13:00:00+07:00,GBP,yellow,Goods Trade Balance,-18.8B,-19.4B,-15.1B,Asia/Novosibirsk,2026-09-03T06:51:16Z
2026-04-16,1:00pm,2026-04-16T06:00:00+00:00,2026-04-16T13:00:00+07:00,GBP,yellow,Index of Services 3m/3m,0.5%,0.3%,0.3%,Asia/Novosibirsk,2026-09-03T06:51:16Z
2026-04-16,1:00pm,2026-04-16T06:00:00+00:00,2026-04-16T13:00:00+07:00,GBP,yellow,Industrial Production m/m,0.5%,0.3%,-0.1%,Asia/Novosibirsk,2026-09-03T06:51:16Z
2026-04-16,1:00pm,2026-04-16T06:00:00+00:00,2026-04-16T13:00:00+07:00,GBP,yellow,Manufacturing Production m/m,-0.1%,0.3%,0.2%,Asia/Novosibirsk,2026-09-03T06:51:16Z
2026-04-16,1:30pm,2026-04-16T06:30:00+00:00,2026-04-16T13:30:00+07:00,CHF,yellow,PPI m/m,0.2%,0.5%,-0.3%,Asia/Novosibirsk,2026-09-03T06:51:16Z
2026-04-16,2:30am,2026-04-15T19:30:00+00:00,2026-04-16T02:30:00+07:00,EUR,orange,ECB President Lagarde Speaks,,,,Asia/Novosibirsk,2026-09-03T06:51:16Z
2026-04-16,2:30pm,2026-04-16T07:30:00+00:00,2026-04-16T14:30:00+07:00,CHF,yellow,Summary of Monetary Policy Discussions,,,,Asia/Novosibirsk,2026-09-03T06:51:16Z
2026-04-16,3:00am,2026-04-15T20:00:00+00:00,2026-04-16T03:00:00+07:00,AUD,yellow,RBA Deputy Gov Hauser Speaks,,,,Asia/Novosibirsk,2026-09-03T06:51:16Z
2026-04-16,3:04am,2026-04-15T20:04:00+00:00,2026-04-16T03:04:00+07:00,USD,yellow,TIC Long-Term Purchases,58.6B,36.6B,2.4B,Asia/Novosibirsk,2026-09-03T06:51:16Z
2026-04-16,4:00pm,2026-04-16T09:00:00+00:00,2026-04-16T16:00:00+07:00,EUR,yellow,Final CPI y/y,2.6%,2.5%,2.5%,Asia/Novosibirsk,2026-09-03T06:51:16Z
2026-04-16,4:00pm,2026-04-16T09:00:00+00:00,2026-04-16T16:00:00+07:00,EUR,yellow,Final Core CPI y/y,2.3%,2.3%,2.3%,Asia/Novosibirsk,2026-09-03T06:51:16Z
2026-04-16,6:30pm,2026-04-16T11:30:00+00:00,2026-04-16T18:30:00+07:00,EUR,yellow,ECB Monetary Policy Meeting Accounts,,,,Asia/Novosibirsk,2026-09-03T06:51:16Z
2026-04-16,7:30pm,2026-04-16T12:30:00+00:00,2026-04-16T19:30:00+07:00,AUD,red,Unemployment Rate,4.3%,4.3%,4.3%,Asia/Novosibirsk,2026-09-03T06:51:16Z
2026-04-16,7:30pm,2026-04-16T12:30:00+00:00,2026-04-16T19:30:00+07:00,USD,orange,Philly Fed Manufacturing Index,26.7,10.3,18.1,Asia/Novosibirsk,2026-09-03T06:51:16Z
2026-04-16,7:30pm,2026-04-16T12:30:00+00:00,2026-04-16T19:30:00+07:00,USD,orange,Unemployment Claims,207K,213K,218K,Asia/Novosibirsk,2026-09-03T06:51:16Z
2026-04-16,7:35pm,2026-04-16T12:35:00+00:00,2026-04-16T19:35:00+07:00,USD,yellow,FOMC Member Williams Speaks,,,,Asia/Novosibirsk,2026-09-03T06:51:16Z
2026-04-16,8:00am,2026-04-16T01:00:00+00:00,2026-04-16T08:00:00+07:00,AUD,yellow,MI Inflation Expectations,5.9%,,5.2%,Asia/Novosibirsk,2026-09-03T06:51:16Z
2026-04-16,8:15pm,2026-04-16T13:15:00+00:00,2026-04-16T20:15:00+07:00,USD,yellow,Capacity Utilization Rate,75.7%,76.3%,76.1%,Asia/Novosibirsk,2026-09-03T06:51:16Z
2026-04-16,8:15pm,2026-04-16T13:15:00+00:00,2026-04-16T20:15:00+07:00,USD,yellow,Industrial Production m/m,-0.5%,0.1%,0.7%,Asia/Novosibirsk,2026-09-03T06:51:16Z
2026-04-16,8:30am,2026-04-16T01:30:00+00:00,2026-04-16T08:30:00+07:00,CNY,yellow,New Home Prices m/m,-0.21%,,-0.28%,Asia/Novosibirsk,2026-09-03T06:51:16Z
2026-04-16,9:00am,2026-04-16T02:00:00+00:00,2026-04-16T09:00:00+07:00,CNY,yellow,Fixed Asset Investment ytd/y,1.7%,1.9%,1.8%,Asia/Novosibirsk,2026-09-03T06:51:16Z
2026-04-16,9:00am,2026-04-16T02:00:00+00:00,2026-04-16T09:00:00+07:00,CNY,yellow,GDP q/y,5.0%,4.8%,4.5%,Asia/Novosibirsk,2026-09-03T06:51:16Z
2026-04-16,9:00am,2026-04-16T02:00:00+00:00,2026-04-16T09:00:00+07:00,CNY,yellow,Industrial Production y/y,5.7%,5.4%,6.3%,Asia/Novosibirsk,2026-09-03T06:51:16Z
2026-04-16,9:00am,2026-04-16T02:00:00+00:00,2026-04-16T09:00:00+07:00,CNY,yellow,NBS Press Conference,,,,Asia/Novosibirsk,2026-09-03T06:51:16Z
2026-04-16,9:00am,2026-04-16T02:00:00+00:00,2026-04-16T09:00:00+07:00,CNY,yellow,Retail Sales y/y,1.7%,2.4%,2.8%,Asia/Novosibirsk,2026-09-03T06:51:16Z
2026-04-16,9:00am,2026-04-16T02:00:00+00:00,2026-04-16T09:00:00+07:00,CNY,yellow,Unemployment Rate,5.4%,5.2%,5.3%,Asia/Novosibirsk,2026-09-03T06:51:16Z
2026-04-16,9:30pm,2026-04-16T14:30:00+00:00,2026-04-16T21:30:00+07:00,USD,yellow,Natural Gas Storage,59B,55B,50B,Asia/Novosibirsk,2026-09-03T06:51:16Z
2026-04-16,9:35pm,2026-04-16T14:35:00+00:00,2026-04-16T21:35:00+07:00,USD,yellow,FOMC Member Miran Speaks,,,,Asia/Novosibirsk,2026-09-03T06:51:16Z
2026-04-17,10:30pm,2026-04-17T15:30:00+00:00,2026-04-17T22:30:00+07:00,USD,yellow,FOMC Member Daly Speaks,,,,Asia/Novosibirsk,2026-09-03T06:51:16Z
2026-04-17,11:15pm,2026-04-17T16:15:00+00:00,2026-04-17T23:15:00+07:00,USD,yellow,FOMC Member Barkin Speaks,,,,Asia/Novosibirsk,2026-09-03T06:51:16Z
2026-04-17,2:00am,2026-04-16T19:00:00+00:00,2026-04-17T02:00:00+07:00,GBP,yellow,MPC Member Taylor Speaks,,,,Asia/Novosibirsk,2026-09-03T06:51:16Z
2026-04-17,3:00pm,2026-04-17T08:00:00+00:00,2026-04-17T15:00:00+07:00,EUR,yellow,Current Account,24.9B,29.8B,40.4B,Asia/Novosibirsk,2026-09-03T06:51:16Z
2026-04-17,3:00pm,2026-04-17T08:00:00+00:00,2026-04-17T15:00:00+07:00,EUR,yellow,Italian Trade Balance,4.94B,3.83B,1.13B,Asia/Novosibirsk,2026-09-03T06:51:16Z
2026-04-17,4:00pm,2026-04-17T09:00:00+00:00,2026-04-17T16:00:00+07:00,EUR,yellow,Trade Balance,7.0B,11.7B,12.8B,Asia/Novosibirsk,2026-09-03T06:51:16Z
2026-04-17,5:45am,2026-04-16T22:45:00+00:00,2026-04-17T05:45:00+07:00,NZD,yellow,FPI m/m,-0.6%,,-0.1%,Asia/Novosibirsk,2026-09-03T06:51:16Z
2026-04-17,7:00pm,2026-04-17T12:00:00+00:00,2026-04-17T19:00:00+07:00,GBP,yellow,MPC Member Pill Speaks,,,,Asia/Novosibirsk,2026-09-03T06:51:16Z
2026-04-17,7:15pm,2026-04-17T12:15:00+00:00,2026-04-17T19:15:00+07:00,CAD,yellow,Housing Starts,236K,258K,251K,Asia/Novosibirsk,2026-09-03T06:51:16Z
2026-04-17,7:30pm,2026-04-17T12:30:00+00:00,2026-04-17T19:30:00+07:00,CAD,yellow,Foreign Securities Purchases,6.17B,23.81B,46.79B,Asia/Novosibirsk,2026-09-03T06:51:16Z
2026-04-18,4:00am,2026-04-17T21:00:00+00:00,2026-04-18T04:00:00+07:00,USD,orange,President Trump Speaks,,,,Asia/Novosibirsk,2026-09-03T06:51:16Z
2026-04-20,10:30pm,2026-04-20T15:30:00+00:00,2026-04-20T22:30:00+07:00,CAD,yellow,BOC Business Outlook Survey,,,,Asia/Novosibirsk,2026-09-03T06:51:16Z
2026-04-20,11:30am,2026-04-20T04:30:00+00:00,2026-04-20T11:30:00+07:00,JPY,yellow,Tertiary Industry Activity m/m,-0.4%,-0.4%,2.0%,Asia/Novosibirsk,2026-09-03T06:51:16Z
2026-04-20,11:40pm,2026-04-20T16:40:00+00:00,2026-04-20T23:40:00+07:00,EUR,orange,ECB President Lagarde Speaks,,,,Asia/Novosibirsk,2026-09-03T06:51:16Z
2026-04-20,1:00pm,2026-04-20T06:00:00+00:00,2026-04-20T13:00:00+07:00,CAD,red,Median CPI y/y,2.3%,2.4%,2.3%,Asia/Novosibirsk,2026-09-03T06:51:16Z
2026-04-20,1:00pm,2026-04-20T06:00:00+00:00,2026-04-20T13:00:00+07:00,CAD,red,Trimmed CPI y/y,2.2%,2.3%,2.3%,Asia/Novosibirsk,2026-09-03T06:51:16Z
2026-04-20,1:00pm,2026-04-20T06:00:00+00:00,2026-04-20T13:00:00+07:00,EUR,yellow,German PPI m/m,2.5%,1.4%,-0.5%,Asia/Novosibirsk,2026-09-03T06:51:16Z
2026-04-20,6:01am,2026-04-19T23:01:00+00:00,2026-04-20T06:01:00+07:00,GBP,yellow,Rightmove HPI m/m,0.8%,,0.8%,Asia/Novosibirsk,2026-09-03T06:51:16Z
2026-04-20,7:30pm,2026-04-20T12:30:00+00:00,2026-04-20T19:30:00+07:00,CAD,yellow,Core CPI m/m,0.2%,,0.4%,Asia/Novosibirsk,2026-09-03T06:51:16Z
2026-04-20,8:00am,2026-04-20T01:00:00+00:00,2026-04-20T08:00:00+07:00,CNY,yellow,1-y Loan Prime Rate,3.00%,3.00%,3.00%,Asia/Novosibirsk,2026-09-03T06:51:16Z
2026-04-20,8:00am,2026-04-20T01:00:00+00:00,2026-04-20T08:00:00+07:00,CNY,yellow,5-y Loan Prime Rate,3.50%,3.50%,3.50%,Asia/Novosibirsk,2026-09-03T06:51:16Z
2026-04-21,10:28pm,2026-04-21T15:28:00+00:00,2026-04-21T22:28:00+07:00,NZD,yellow,GDT Price Index,-2.7%,,-3.4%,Asia/Novosibirsk,2026-09-03T06:51:16Z
2026-04-21,11:15pm,2026-04-21T16:15:00+00:00,2026-04-21T23:15:00+07:00,CHF,yellow,Gov Board Member Tschudin Speaks,,,,Asia/Novosibirsk,2026-09-03T06:51:16Z
2026-04-21,1:00pm,2026-04-21T06:00:00+00:00,2026-04-21T13:00:00+07:00,GBP,red,Claimant Count Change,26.8K,22.6K,17.1K,Asia/Novosibirsk,2026-09-03T06:51:16Z
2026-04-21,1:00pm,2026-04-21T06:00:00+00:00,2026-04-21T13:00:00+07:00,GBP,yellow,Unemployment Rate,4.9%,5.2%,5.2%,Asia/Novosibirsk,2026-09-03T06:51:16Z
2026-04-21,1:30pm,2026-04-21T06:30:00+00:00,2026-04-21T13:30:00+07:00,EUR,yellow,German Buba President Nagel Speaks,,,,Asia/Novosibirsk,2026-09-03T06:51:16Z
2026-04-21,4:00pm,2026-04-21T09:00:00+00:00,2026-04-21T16:00:00+07:00,EUR,yellow,German ZEW Economic Sentiment,-17.2,-5.9,-0.5,Asia/Novosibirsk,2026-09-03T06:51:16Z
2026-04-21,4:00pm,2026-04-21T09:00:00+00:00,2026-04-21T16:00:00+07:00,EUR,yellow,ZEW Economic Sentiment,-20.4,-12.7,-8.5,Asia/Novosibirsk,2026-09-03T06:51:16Z
2026-04-21,7:15pm,2026-04-21T12:15:00+00:00,2026-04-21T19:15:00+07:00,USD,yellow,ADP Weekly Employment Change,54.8K,,40.3K,Asia/Novosibirsk,2026-09-03T06:51:16Z
2026-04-21,7:30pm,2026-04-21T12:30:00+00:00,2026-04-21T19:30:00+07:00,USD,red,Core Retail Sales m/m,1.9%,1.4%,0.7%,Asia/Novosibirsk,2026-09-03T06:51:16Z
2026-04-21,7:30pm,2026-04-21T12:30:00+00:00,2026-04-21T19:30:00+07:00,USD,orange,President Trump Speaks,,,,Asia/Novosibirsk,2026-09-03T06:51:16Z
2026-04-21,7:30pm,2026-04-21T12:30:00+00:00,2026-04-21T19:30:00+07:00,USD,red,Retail Sales m/m,1.7%,1.4%,0.7%,Asia/Novosibirsk,2026-09-03T06:51:16Z
2026-04-21,9:00pm,2026-04-21T14:00:00+00:00,2026-04-21T21:00:00+07:00,USD,yellow,Business Inventories m/m,0.4%,0.4%,0.0%,Asia/Novosibirsk,2026-09-03T06:51:16Z
2026-04-21,9:00pm,2026-04-21T14:00:00+00:00,2026-04-21T21:00:00+07:00,USD,red,Fed Chairman Warsh Testifies,,,,Asia/Novosibirsk,2026-09-03T06:51:16Z
2026-04-21,9:00pm,2026-04-21T14:00:00+00:00,2026-04-21T21:00:00+07:00,USD,orange,Pending Home Sales m/m,1.5%,0.0%,2.5%,Asia/Novosibirsk,2026-09-03T06:51:16Z
2026-04-22,12:45pm,2026-04-22T05:45:00+00:00,2026-04-22T12:45:00+07:00,AUD,yellow,RBA Assist Gov Hunter Speaks,,,,Asia/Novosibirsk,2026-09-03T06:51:16Z
2026-04-22,1:00pm,2026-04-22T06:00:00+00:00,2026-04-22T13:00:00+07:00,GBP,yellow,Core CPI y/y,3.1%,3.2%,3.2%,Asia/Novosibirsk,2026-09-03T06:51:16Z
2026-04-22,1:00pm,2026-04-22T06:00:00+00:00,2026-04-22T13:00:00+07:00,GBP,yellow,PPI Input m/m,4.4%,2.9%,0.9%,Asia/Novosibirsk,2026-09-03T06:51:16Z
2026-04-22,1:00pm,2026-04-22T06:00:00+00:00,2026-04-22T13:00:00+07:00,GBP,yellow,PPI Output m/m,0.9%,1.0%,-0.5%,Asia/Novosibirsk,2026-09-03T06:51:16Z
2026-04-22,1:00pm,2026-04-22T06:00:00+00:00,2026-04-22T13:00:00+07:00,GBP,yellow,RPI y/y,4.1%,3.9%,3.6%,Asia/Novosibirsk,2026-09-03T06:51:16Z
2026-04-22,3:05pm,2026-04-22T08:05:00+00:00,2026-04-22T15:05:00+07:00,GBP,yellow,MPC Member Breeden Speaks,,,,Asia/Novosibirsk,2026-09-03T06:51:16Z
2026-04-22,3:30am,2026-04-21T20:30:00+00:00,2026-04-22T03:30:00+07:00,USD,yellow,API Weekly Statistical Bulletin,,,,Asia/Novosibirsk,2026-09-03T06:51:16Z
2026-04-22,3:30pm,2026-04-22T08:30:00+00:00,2026-04-22T15:30:00+07:00,GBP,yellow,HPI y/y,1.2%,0.9%,1.0%,Asia/Novosibirsk,2026-09-03T06:51:16Z
2026-04-22,5:00pm,2026-04-22T10:00:00+00:00,2026-04-22T17:00:00+07:00,EUR,yellow,German Buba Monthly Report,,,,Asia/Novosibirsk,2026-09-03T06:51:16Z
2026-04-22,6:50am,2026-04-21T23:50:00+00:00,2026-04-22T06:50:00+07:00,JPY,yellow,Trade Balance,0.09T,0.23T,-0.37T,Asia/Novosibirsk,2026-09-03T06:51:16Z
2026-04-22,7:30am,2026-04-22T00:30:00+00:00,2026-04-22T07:30:00+07:00,AUD,yellow,MI Leading Index m/m,-0.1%,,-0.1%,Asia/Novosibirsk,2026-09-03T06:51:16Z
2026-04-22,7:30pm,2026-04-22T12:30:00+00:00,2026-04-22T19:30:00+07:00,CAD,yellow,NHPI m/m,-0.2%,0.2%,0.3%,Asia/Novosibirsk,2026-09-03T06:51:16Z
2026-04-22,9:00pm,2026-04-22T14:00:00+00:00,2026-04-22T21:00:00+07:00,EUR,yellow,Consumer Confidence,-21,-18,-16,Asia/Novosibirsk,2026-09-03T06:51:16Z
2026-04-22,9:30pm,2026-04-22T14:30:00+00:00,2026-04-22T21:30:00+07:00,USD,yellow,Crude Oil Inventories,1.9M,-1.9M,-0.9M,Asia/Novosibirsk,2026-09-03T06:51:16Z
2026-04-23,10:00am,2026-04-23T03:00:00+00:00,2026-04-23T10:00:00+07:00,NZD,yellow,Credit Card Spending y/y,2.1%,,1.1%,Asia/Novosibirsk,2026-09-03T06:51:16Z
2026-04-23,10:00pm,2026-04-23T15:00:00+00:00,2026-04-23T22:00:00+07:00,EUR,yellow,German Buba President Nagel Speaks,,,,Asia/Novosibirsk,2026-09-03T06:51:16Z
2026-04-23,1:00pm,2026-04-23T06:00:00+00:00,2026-04-23T13:00:00+07:00,GBP,yellow,Public Sector Net Borrowing,12.6B,10.4B,12.8B,Asia/Novosibirsk,2026-09-03T06:51:16Z
2026-04-23,2:15pm,2026-04-23T07:15:00+00:00,2026-04-23T14:15:00+07:00,EUR,orange,French Flash Manufacturing PMI,52.8,49.5,50.0,Asia/Novosibirsk,2026-09-03T06:51:16Z
2026-04-23,2:15pm,2026-04-23T07:15:00+00:00,2026-04-23T14:15:00+07:00,EUR,orange,French Flash Services PMI,46.5,48.5,48.8,Asia/Novosibirsk,2026-09-03T06:51:16Z
2026-04-23,3:00pm,2026-04-23T08:00:00+00:00,2026-04-23T15:00:00+07:00,EUR,yellow,Flash Manufacturing PMI,52.2,50.9,51.6,Asia/Novosibirsk,2026-09-03T06:51:16Z
2026-04-23,3:00pm,2026-04-23T08:00:00+00:00,2026-04-23T15:00:00+07:00,EUR,yellow,Flash Services PMI,47.4,49.8,50.2,Asia/Novosibirsk,2026-09-03T06:51:16Z
2026-04-23,3:30pm,2026-04-23T08:30:00+00:00,2026-04-23T15:30:00+07:00,GBP,red,Flash Manufacturing PMI,53.6,50.3,51.0,Asia/Novosibirsk,2026-09-03T06:51:16Z
2026-04-23,3:30pm,2026-04-23T08:30:00+00:00,2026-04-23T15:30:00+07:00,GBP,red,Flash Services PMI,52.0,50.0,50.5,Asia/Novosibirsk,2026-09-03T06:51:16Z
2026-04-23,5:00pm,2026-04-23T10:00:00+00:00,2026-04-23T17:00:00+07:00,GBP,yellow,CBI Industrial Order Expectations,-38,-34,-27,Asia/Novosibirsk,2026-09-03T06:51:16Z
2026-04-23,6:00am,2026-04-22T23:00:00+00:00,2026-04-23T06:00:00+07:00,AUD,yellow,Flash Manufacturing PMI,51.0,,49.8,Asia/Novosibirsk,2026-09-03T06:51:16Z
2026-04-23,6:00am,2026-04-22T23:00:00+00:00,2026-04-23T06:00:00+07:00,AUD,yellow,Flash Services PMI,50.3,,46.3,Asia/Novosibirsk,2026-09-03T06:51:16Z
2026-04-23,7:30am,2026-04-23T00:30:00+00:00,2026-04-23T07:30:00+07:00,JPY,yellow,Flash Manufacturing PMI,54.9,51.1,51.6,Asia/Novosibirsk,2026-09-03T06:51:16Z
2026-04-23,7:30pm,2026-04-23T12:30:00+00:00,2026-04-23T19:30:00+07:00,CAD,yellow,IPPI m/m,2.4%,1.6%,0.6%,Asia/Novosibirsk,2026-09-03T06:51:16Z
2026-04-23,7:30pm,2026-04-23T12:30:00+00:00,2026-04-23T19:30:00+07:00,CAD,yellow,RMPI m/m,12.0%,9.3%,0.9%,Asia/Novosibirsk,2026-09-03T06:51:16Z
2026-04-23,7:30pm,2026-04-23T12:30:00+00:00,2026-04-23T19:30:00+07:00,USD,orange,Unemployment Claims,214K,211K,208K,Asia/Novosibirsk,2026-09-03T06:51:16Z
2026-04-23,8:21pm,2026-04-23T13:21:00+00:00,2026-04-23T20:21:00+07:00,GBP,yellow,GfK Consumer Confidence,-25,-24,-21,Asia/Novosibirsk,2026-09-03T06:51:16Z
2026-04-23,8:45pm,2026-04-23T13:45:00+00:00,2026-04-23T20:45:00+07:00,USD,orange,Flash Manufacturing PMI,54.0,52.5,52.3,Asia/Novosibirsk,2026-09-03T06:51:16Z
2026-04-23,8:45pm,2026-04-23T13:45:00+00:00,2026-04-23T20:45:00+07:00,USD,orange,Flash Services PMI,51.3,50.5,49.8,Asia/Novosibirsk,2026-09-03T06:51:16Z
2026-04-23,9:00pm,2026-04-23T14:00:00+00:00,2026-04-23T21:00:00+07:00,EUR,red,German Flash Services PMI,46.9,50.4,50.9,Asia/Novosibirsk,2026-09-03T06:51:16Z
2026-04-23,9:30pm,2026-04-23T14:30:00+00:00,2026-04-23T21:30:00+07:00,USD,yellow,Natural Gas Storage,103B,96B,59B,Asia/Novosibirsk,2026-09-03T06:51:16Z
2026-04-24,3:00pm,2026-04-24T08:00:00+00:00,2026-04-24T15:00:00+07:00,EUR,yellow,German ifo Business Climate,84.4,85.7,86.3,Asia/Novosibirsk,2026-09-03T06:51:16Z
2026-04-24,4:01pm,2026-04-24T09:01:00+00:00,2026-04-24T16:01:00+07:00,CNY,yellow,Foreign Direct Investment ytd/y,-7.3%,,-5.7%,Asia/Novosibirsk,2026-09-03T06:51:16Z
2026-04-24,6:50am,2026-04-23T23:50:00+00:00,2026-04-24T06:50:00+07:00,JPY,yellow,SPPI y/y,3.1%,3.0%,2.7%,Asia/Novosibirsk,2026-09-03T06:51:16Z
2026-04-24,7:30pm,2026-04-24T12:30:00+00:00,2026-04-24T19:30:00+07:00,CAD,orange,Core Retail Sales m/m,0.5%,0.8%,1.0%,Asia/Novosibirsk,2026-09-03T06:51:16Z
2026-04-24,7:30pm,2026-04-24T12:30:00+00:00,2026-04-24T19:30:00+07:00,CAD,orange,Retail Sales m/m,0.7%,0.9%,1.2%,Asia/Novosibirsk,2026-09-03T06:51:16Z
2026-04-24,7:32pm,2026-04-24T12:32:00+00:00,2026-04-24T19:32:00+07:00,EUR,yellow,Belgian NBB Business Climate,-14.2,-14.8,-13.7,Asia/Novosibirsk,2026-09-03T06:51:16Z
2026-04-24,9:00pm,2026-04-24T14:00:00+00:00,2026-04-24T21:00:00+07:00,USD,orange,Revised UoM Consumer Sentiment,49.8,48.5,47.6,Asia/Novosibirsk,2026-09-03T06:51:16Z
2026-04-24,9:00pm,2026-04-24T14:00:00+00:00,2026-04-24T21:00:00+07:00,USD,yellow,Revised UoM Inflation Expectations,4.7%,,4.8%,Asia/Novosibirsk,2026-09-03T06:51:16Z
2026-04-27,5:00pm,2026-04-27T10:00:00+00:00,2026-04-27T17:00:00+07:00,GBP,yellow,CBI Realized Sales,-68,-42,-52,Asia/Novosibirsk,2026-09-03T06:51:16Z
2026-04-27,8:00pm,2026-04-27T13:00:00+00:00,2026-04-27T20:00:00+07:00,CNY,yellow,CB Leading Index m/m,-0.2%,,-0.2%,Asia/Novosibirsk,2026-09-03T06:51:16Z
2026-04-28,12:00pm,2026-04-28T05:00:00+00:00,2026-04-28T12:00:00+07:00,JPY,yellow,BOJ Core CPI y/y,1.7%,1.9%,1.7%,Asia/Novosibirsk,2026-09-03T06:51:16Z
2026-04-28,1:30pm,2026-04-28T06:30:00+00:00,2026-04-28T13:30:00+07:00,JPY,red,BOJ Press Conference,,,,Asia/Novosibirsk,2026-09-03T06:51:16Z
2026-04-28,2:00pm,2026-04-28T07:00:00+00:00,2026-04-28T14:00:00+07:00,EUR,yellow,Spanish Unemployment Rate,10.8%,9.8%,9.9%,Asia/Novosibirsk,2026-09-03T06:51:16Z
2026-04-28,3:30pm,2026-04-28T08:30:00+00:00,2026-04-28T15:30:00+07:00,JPY,red,BOJ Policy Rate,<0.75%,<0.75%,<0.75%,Asia/Novosibirsk,2026-09-03T06:51:16Z
2026-04-28,3:30pm,2026-04-28T08:30:00+00:00,2026-04-28T15:30:00+07:00,JPY,red,Monetary Policy Statement,,,,Asia/Novosibirsk,2026-09-03T06:51:16Z
2026-04-28,6:30am,2026-04-27T23:30:00+00:00,2026-04-28T06:30:00+07:00,JPY,yellow,Unemployment Rate,2.7%,2.6%,2.6%,Asia/Novosibirsk,2026-09-03T06:51:16Z
2026-04-28,7:15pm,2026-04-28T12:15:00+00:00,2026-04-28T19:15:00+07:00,USD,yellow,ADP Weekly Employment Change,39.3K,,40.3K,Asia/Novosibirsk,2026-09-03T06:51:16Z
2026-04-28,8:00pm,2026-04-28T13:00:00+00:00,2026-04-28T20:00:00+07:00,USD,yellow,HPI m/m,0.0%,0.1%,0.2%,Asia/Novosibirsk,2026-09-03T06:51:16Z
2026-04-28,8:00pm,2026-04-28T13:00:00+00:00,2026-04-28T20:00:00+07:00,USD,yellow,S&P/CS Composite-20 HPI y/y,0.9%,1.1%,1.2%,Asia/Novosibirsk,2026-09-03T06:51:16Z
2026-04-28,9:00pm,2026-04-28T14:00:00+00:00,2026-04-28T21:00:00+07:00,USD,yellow,Richmond Manufacturing Index,3,2,0,Asia/Novosibirsk,2026-09-03T06:51:16Z
2026-04-29,1:30pm,2026-04-29T06:30:00+00:00,2026-04-29T13:30:00+07:00,AUD,red,CPI y/y,4.6%,4.8%,3.7%,Asia/Novosibirsk,2026-09-03T06:51:16Z
2026-04-29,1:30pm,2026-04-29T06:30:00+00:00,2026-04-29T13:30:00+07:00,AUD,red,Trimmed Mean CPI m/m,0.3%,0.3%,0.2%,Asia/Novosibirsk,2026-09-03T06:51:16Z
2026-04-29,2:00pm,2026-04-29T07:00:00+00:00,2026-04-29T14:00:00+07:00,EUR,yellow,Spanish Flash CPI y/y,3.2%,3.5%,3.3%,Asia/Novosibirsk,2026-09-03T06:51:16Z
2026-04-29,3:00pm,2026-04-29T08:00:00+00:00,2026-04-29T15:00:00+07:00,CHF,yellow,UBS Economic Expectations,-30.3,,-35.0,Asia/Novosibirsk,2026-09-03T06:51:16Z
2026-04-29,3:00pm,2026-04-29T08:00:00+00:00,2026-04-29T15:00:00+07:00,EUR,yellow,M3 Money Supply y/y,3.2%,3.1%,3.0%,Asia/Novosibirsk,2026-09-03T06:51:16Z
2026-04-29,3:00pm,2026-04-29T08:00:00+00:00,2026-04-29T15:00:00+07:00,EUR,yellow,Private Loans y/y,3.0%,3.1%,3.0%,Asia/Novosibirsk,2026-09-03T06:51:16Z
2026-04-29,4:17pm,2026-04-29T09:17:00+00:00,2026-04-29T16:17:00+07:00,EUR,yellow,Italian 10-y Bond Auction,3.77|1.7,,4.09|1.7,Asia/Novosibirsk,2026-09-03T06:51:16Z
2026-04-29,4:32pm,2026-04-29T09:32:00+00:00,2026-04-29T16:32:00+07:00,EUR,yellow,German 10-y Bond Auction,3.08|1.5,,2.92|1.2,Asia/Novosibirsk,2026-09-03T06:51:16Z
2026-04-29,7:30pm,2026-04-29T12:30:00+00:00,2026-04-29T19:30:00+07:00,USD,yellow,Building Permits,1.37M,1.39M,1.54M,Asia/Novosibirsk,2026-09-03T06:51:16Z
2026-04-29,7:30pm,2026-04-29T12:30:00+00:00,2026-04-29T19:30:00+07:00,USD,yellow,Core Durable Goods Orders m/m,0.9%,0.4%,0.9%,Asia/Novosibirsk,2026-09-03T06:51:16Z
2026-04-29,7:30pm,2026-04-29T12:30:00+00:00,2026-04-29T19:30:00+07:00,USD,yellow,Durable Goods Orders m/m,0.8%,0.4%,-1.3%,Asia/Novosibirsk,2026-09-03T06:51:16Z
2026-04-29,7:30pm,2026-04-29T12:30:00+00:00,2026-04-29T19:30:00+07:00,USD,yellow,Goods Trade Balance,-87.9B,-87.5B,-83.5B,Asia/Novosibirsk,2026-09-03T06:51:16Z
2026-04-29,7:30pm,2026-04-29T12:30:00+00:00,2026-04-29T19:30:00+07:00,USD,yellow,Housing Starts,1.50M,1.38M,1.36M,Asia/Novosibirsk,2026-09-03T06:51:16Z
2026-04-29,7:30pm,2026-04-29T12:30:00+00:00,2026-04-29T19:30:00+07:00,USD,yellow,Prelim Wholesale Inventories m/m,1.4%,0.4%,0.9%,Asia/Novosibirsk,2026-09-03T06:51:16Z
2026-04-29,8:45pm,2026-04-29T13:45:00+00:00,2026-04-29T20:45:00+07:00,CAD,red,BOC Monetary Policy Report,,,,Asia/Novosibirsk,2026-09-03T06:51:16Z
2026-04-29,8:45pm,2026-04-29T13:45:00+00:00,2026-04-29T20:45:00+07:00,CAD,red,BOC Rate Statement,,,,Asia/Novosibirsk,2026-09-03T06:51:16Z
2026-04-29,8:45pm,2026-04-29T13:45:00+00:00,2026-04-29T20:45:00+07:00,CAD,red,Overnight Rate,2.25%,2.25%,2.25%,Asia/Novosibirsk,2026-09-03T06:51:16Z
2026-04-29,9:30pm,2026-04-29T14:30:00+00:00,2026-04-29T21:30:00+07:00,CAD,red,BOC Press Conference,,,,Asia/Novosibirsk,2026-09-03T06:51:16Z
2026-04-29,9:30pm,2026-04-29T14:30:00+00:00,2026-04-29T21:30:00+07:00,USD,yellow,Crude Oil Inventories,-6.2M,0.3M,1.9M,Asia/Novosibirsk,2026-09-03T06:51:16Z
2026-04-29,All Day,,,EUR,orange,German Prelim CPI m/m,0.6%,0.7%,1.1%,Asia/Novosibirsk,2026-09-03T06:51:16Z
2026-04-29,Feb Data,,,USD,yellow,Building Permits,1.54M,,1.39M,Asia/Novosibirsk,2026-09-03T06:51:16Z
2026-04-29,Feb Data,,,USD,yellow,Housing Starts,1.36M,,1.40M,Asia/Novosibirsk,2026-09-03T06:51:16Z
2026-04-30,12:00pm,2026-04-30T05:00:00+00:00,2026-04-30T12:00:00+07:00,JPY,yellow,Consumer Confidence,32.2,32.8,33.3,Asia/Novosibirsk,2026-09-03T06:51:16Z
2026-04-30,12:00pm,2026-04-30T05:00:00+00:00,2026-04-30T12:00:00+07:00,JPY,yellow,Housing Starts y/y,-29.3%,-28.7%,-4.9%,Asia/Novosibirsk,2026-09-03T06:51:16Z
2026-04-30,12:30pm,2026-04-30T05:30:00+00:00,2026-04-30T12:30:00+07:00,EUR,yellow,French Consumer Spending m/m,0.7%,0.7%,-1.4%,Asia/Novosibirsk,2026-09-03T06:51:16Z
2026-04-30,12:30pm,2026-04-30T05:30:00+00:00,2026-04-30T12:30:00+07:00,EUR,yellow,French Flash GDP q/q,0.0%,0.2%,0.2%,Asia/Novosibirsk,2026-09-03T06:51:16Z
2026-04-30,1:00pm,2026-04-30T06:00:00+00:00,2026-04-30T13:00:00+07:00,EUR,yellow,German Import Prices m/m,3.6%,3.6%,0.3%,Asia/Novosibirsk,2026-09-03T06:51:16Z
2026-04-30,1:00pm,2026-04-30T06:00:00+00:00,2026-04-30T13:00:00+07:00,EUR,yellow,German Retail Sales m/m,-2.0%,-0.3%,-0.3%,Asia/Novosibirsk,2026-09-03T06:51:16Z
2026-04-30,1:30am,2026-04-29T18:30:00+00:00,2026-04-30T01:30:00+07:00,USD,red,FOMC Press Conference,,,,Asia/Novosibirsk,2026-09-03T06:51:16Z
2026-04-30,1:45pm,2026-04-30T06:45:00+00:00,2026-04-30T13:45:00+07:00,EUR,yellow,French Prelim CPI m/m,1.0%,0.9%,1.0%,Asia/Novosibirsk,2026-09-03T06:51:16Z
2026-04-30,1:45pm,2026-04-30T06:45:00+00:00,2026-04-30T13:45:00+07:00,EUR,yellow,French Prelim Private Payrolls q/q,-0.1%,-0.1%,-0.1%,Asia/Novosibirsk,2026-09-03T06:51:16Z
2026-04-30,2:00pm,2026-04-30T07:00:00+00:00,2026-04-30T14:00:00+07:00,CHF,yellow,KOF Economic Barometer,97.9,95.8,95.6,Asia/Novosibirsk,2026-09-03T06:51:16Z
2026-04-30,2:00pm,2026-04-30T07:00:00+00:00,2026-04-30T14:00:00+07:00,EUR,yellow,Spanish Flash GDP q/q,0.6%,0.5%,0.8%,Asia/Novosibirsk,2026-09-03T06:51:16Z
2026-04-30,2:55pm,2026-04-30T07:55:00+00:00,2026-04-30T14:55:00+07:00,EUR,yellow,German Unemployment Change,20K,4K,3K,Asia/Novosibirsk,2026-09-03T06:51:16Z
2026-04-30,3:00pm,2026-04-30T08:00:00+00:00,2026-04-30T15:00:00+07:00,EUR,yellow,Italian Prelim GDP q/q,0.2%,0.1%,0.3%,Asia/Novosibirsk,2026-09-03T06:51:16Z
2026-04-30,3:30pm,2026-04-30T08:30:00+00:00,2026-04-30T15:30:00+07:00,EUR,yellow,Italian Monthly Unemployment Rate,5.2%,5.3%,5.4%,Asia/Novosibirsk,2026-09-03T06:51:16Z
2026-04-30,4:00pm,2026-04-30T09:00:00+00:00,2026-04-30T16:00:00+07:00,EUR,orange,CPI Flash Estimate y/y,3.0%,3.0%,2.6%,Asia/Novosibirsk,2026-09-03T06:51:16Z
2026-04-30,4:00pm,2026-04-30T09:00:00+00:00,2026-04-30T16:00:00+07:00,EUR,orange,Core CPI Flash Estimate y/y,2.2%,2.2%,2.3%,Asia/Novosibirsk,2026-09-03T06:51:16Z
2026-04-30,4:00pm,2026-04-30T09:00:00+00:00,2026-04-30T16:00:00+07:00,EUR,yellow,Italian Prelim CPI m/m,1.2%,0.9%,0.5%,Asia/Novosibirsk,2026-09-03T06:51:16Z
2026-04-30,4:00pm,2026-04-30T09:00:00+00:00,2026-04-30T16:00:00+07:00,EUR,yellow,Prelim Flash GDP q/q,0.1%,0.2%,0.2%,Asia/Novosibirsk,2026-09-03T06:51:16Z
2026-04-30,4:00pm,2026-04-30T09:00:00+00:00,2026-04-30T16:00:00+07:00,EUR,yellow,Unemployment Rate,6.2%,6.2%,6.3%,Asia/Novosibirsk,2026-09-03T06:51:16Z
2026-04-30,6:00pm,2026-04-30T11:00:00+00:00,2026-04-30T18:00:00+07:00,GBP,yellow,BOE Inflation Letter,,,,Asia/Novosibirsk,2026-09-03T06:51:16Z
2026-04-30,6:00pm,2026-04-30T11:00:00+00:00,2026-04-30T18:00:00+07:00,GBP,red,BOE Monetary Policy Report,,,,Asia/Novosibirsk,2026-09-03T06:51:16Z
2026-04-30,6:00pm,2026-04-30T11:00:00+00:00,2026-04-30T18:00:00+07:00,GBP,red,MPC Official Bank Rate Votes,1-0-8,1-0-8,0-0-9,Asia/Novosibirsk,2026-09-03T06:51:16Z
2026-04-30,6:00pm,2026-04-30T11:00:00+00:00,2026-04-30T18:00:00+07:00,GBP,red,Monetary Policy Summary,,,,Asia/Novosibirsk,2026-09-03T06:51:16Z
2026-04-30,6:00pm,2026-04-30T11:00:00+00:00,2026-04-30T18:00:00+07:00,GBP,red,Official Bank Rate,3.75%,3.75%,3.75%,Asia/Novosibirsk,2026-09-03T06:51:16Z
2026-04-30,6:30pm,2026-04-30T11:30:00+00:00,2026-04-30T18:30:00+07:00,GBP,red,BOE Gov Bailey Speaks,,,,Asia/Novosibirsk,2026-09-03T06:51:16Z
2026-04-30,7:15pm,2026-04-30T12:15:00+00:00,2026-04-30T19:15:00+07:00,EUR,red,Main Refinancing Rate,2.15%,2.15%,2.15%,Asia/Novosibirsk,2026-09-03T06:51:16Z
2026-04-30,7:15pm,2026-04-30T12:15:00+00:00,2026-04-30T19:15:00+07:00,EUR,red,Monetary Policy Statement,,,,Asia/Novosibirsk,2026-09-03T06:51:16Z
2026-04-30,7:30pm,2026-04-30T12:30:00+00:00,2026-04-30T19:30:00+07:00,CAD,red,GDP m/m,0.2%,0.2%,0.1%,Asia/Novosibirsk,2026-09-03T06:51:16Z
2026-04-30,7:30pm,2026-04-30T12:30:00+00:00,2026-04-30T19:30:00+07:00,USD,orange,Advance GDP Price Index q/q,3.6%,3.8%,3.7%,Asia/Novosibirsk,2026-09-03T06:51:16Z
2026-04-30,7:30pm,2026-04-30T12:30:00+00:00,2026-04-30T19:30:00+07:00,USD,red,Advance GDP q/q,2.0%,2.2%,0.5%,Asia/Novosibirsk,2026-09-03T06:51:16Z
2026-04-30,7:30pm,2026-04-30T12:30:00+00:00,2026-04-30T19:30:00+07:00,USD,red,Core PCE Price Index m/m,0.3%,0.3%,0.4%,Asia/Novosibirsk,2026-09-03T06:51:16Z
2026-04-30,7:30pm,2026-04-30T12:30:00+00:00,2026-04-30T19:30:00+07:00,USD,red,Employment Cost Index q/q,0.9%,0.8%,0.7%,Asia/Novosibirsk,2026-09-03T06:51:16Z
2026-04-30,7:30pm,2026-04-30T12:30:00+00:00,2026-04-30T19:30:00+07:00,USD,yellow,Personal Income m/m,0.6%,0.3%,0.0%,Asia/Novosibirsk,2026-09-03T06:51:16Z
2026-04-30,7:30pm,2026-04-30T12:30:00+00:00,2026-04-30T19:30:00+07:00,USD,yellow,Personal Spending m/m,0.9%,0.9%,0.6%,Asia/Novosibirsk,2026-09-03T06:51:16Z
2026-04-30,7:30pm,2026-04-30T12:30:00+00:00,2026-04-30T19:30:00+07:00,USD,orange,Unemployment Claims,189K,213K,215K,Asia/Novosibirsk,2026-09-03T06:51:16Z
2026-04-30,7:45pm,2026-04-30T12:45:00+00:00,2026-04-30T19:45:00+07:00,EUR,red,ECB Press Conference,,,,Asia/Novosibirsk,2026-09-03T06:51:16Z
2026-04-30,8:00am,2026-04-30T01:00:00+00:00,2026-04-30T08:00:00+07:00,NZD,yellow,ANZ Business Confidence,-10.6,,32.5,Asia/Novosibirsk,2026-09-03T06:51:16Z
2026-04-30,8:30am,2026-04-30T01:30:00+00:00,2026-04-30T08:30:00+07:00,AUD,yellow,Import Prices q/q,0.1%,0.4%,0.9%,Asia/Novosibirsk,2026-09-03T06:51:16Z
2026-04-30,8:30am,2026-04-30T01:30:00+00:00,2026-04-30T08:30:00+07:00,AUD,yellow,Private Sector Credit m/m,0.7%,0.6%,0.6%,Asia/Novosibirsk,2026-09-03T06:51:16Z
2026-04-30,8:30am,2026-04-30T01:30:00+00:00,2026-04-30T08:30:00+07:00,CNY,yellow,Manufacturing PMI,50.3,50.1,50.4,Asia/Novosibirsk,2026-09-03T06:51:16Z
2026-04-30,8:30am,2026-04-30T01:30:00+00:00,2026-04-30T08:30:00+07:00,CNY,yellow,Non-Manufacturing PMI,49.4,49.9,50.1,Asia/Novosibirsk,2026-09-03T06:51:16Z
2026-04-30,8:45am,2026-04-30T01:45:00+00:00,2026-04-30T08:45:00+07:00,CNY,yellow,RatingDog Manufacturing PMI,52.2,50.9,50.8,Asia/Novosibirsk,2026-09-03T06:51:16Z
2026-04-30,8:45pm,2026-04-30T13:45:00+00:00,2026-04-30T20:45:00+07:00,USD,yellow,Chicago PMI,49.2,54.8,52.8,Asia/Novosibirsk,2026-09-03T06:51:16Z
2026-04-30,9:00pm,2026-04-30T14:00:00+00:00,2026-04-30T21:00:00+07:00,USD,yellow,CB Leading Index m/m,-0.6%,-0.2%,0.3%,Asia/Novosibirsk,2026-09-03T06:51:16Z
2026-04-30,9:30pm,2026-04-30T14:30:00+00:00,2026-04-30T21:30:00+07:00,JPY,yellow,Retail Sales y/y,1.7%,0.9%,-0.1%,Asia/Novosibirsk,2026-09-03T06:51:16Z
2026-04-30,9:30pm,2026-04-30T14:30:00+00:00,2026-04-30T21:30:00+07:00,USD,red,FOMC Statement,,,,Asia/Novosibirsk,2026-09-03T06:51:16Z
2026-04-30,9:30pm,2026-04-30T14:30:00+00:00,2026-04-30T21:30:00+07:00,USD,yellow,Natural Gas Storage,79B,83B,103B,Asia/Novosibirsk,2026-09-03T06:51:16Z
2026-04-30,Feb Data,,,USD,yellow,CB Leading Index m/m,0.3%,,-0.1%,Asia/Novosibirsk,2026-09-03T06:51:16Z
